id,first_name,last_name,email,gender,ip_address
1,Nikoletta,Chicco,nchicco0@blogspot.com,Female,241.191.40.48
2,Fransisco,McMurty,fmcmurty1@google.pl,Male,47.218.184.254
3,Caddric,Llewellyn,cllewellyn2@google.co.uk,Male,85.54.247.247
4,Hannie,McGrouther,hmcgrouther3@spotify.com,Female,34.16.19.1
5,Quintilla,Borris,qborris4@alexa.com,Female,75.245.108.243
6,Dara,Hukin,dhukin5@wired.com,Female,89.39.37.175
7,Skipper,Furphy,sfurphy6@infoseek.co.jp,Male,251.48.218.149
8,Crystie,Sambiedge,csambiedge7@clickbank.net,Agender,150.41.254.20
9,Elvera,Keitch,ekeitch8@exblog.jp,Polygender,44.100.19.55
10,Stesha,Carnalan,scarnalan9@oracle.com,Female,58.126.100.164
11,Hughie,Damant,hdamanta@google.nl,Male,61.72.131.62
12,Tiffy,Jaukovic,tjaukovicb@dmoz.org,Female,127.176.189.174
13,Chaddy,Caunter,ccaunterc@symantec.com,Male,83.51.180.251
14,Krista,Wade,kwaded@cpanel.net,Female,60.254.60.197
15,Hamlen,Egginton,heggintone@facebook.com,Male,50.100.153.115
16,Ivette,Nanson,inansonf@goodreads.com,Genderfluid,109.43.250.119
17,Pamela,Blanchflower,pblanchflowerg@youtube.com,Female,235.168.66.109
18,Sonnie,Tankin,stankinh@usa.gov,Male,26.160.235.83
19,Selle,Vaughton,svaughtoni@posterous.com,Female,53.192.208.65
20,Krystal,Tute,ktutej@list-manage.com,Female,97.58.209.130
21,Berget,Youens,byouensk@google.nl,Female,252.83.189.88
22,Rourke,Dillicate,rdillicatel@ow.ly,Male,136.182.28.102
23,Allsun,Bunclark,abunclarkm@bloglines.com,Female,95.10.78.255
24,Faye,Rosebotham,frosebothamn@columbia.edu,Female,135.6.197.90
25,Troy,Bockh,tbockho@tinyurl.com,Male,161.67.76.237
26,Karol,Episcopi,kepiscopip@themeforest.net,Female,35.167.159.84
27,Corissa,Coatsworth,ccoatsworthq@geocities.jp,Female,199.196.254.255
28,Sandi,Rosenstengel,srosenstengelr@twitter.com,Female,104.22.236.139
29,Reynolds,Van't Hoff,rvanthoffs@hc360.com,Male,16.243.147.183
30,Annie,Josling,ajoslingt@illinois.edu,Female,215.136.154.22
31,Kipp,Dukes,kdukesu@bbc.co.uk,Male,76.121.231.82
32,Gardy,Pechold,gpecholdv@hostgator.com,Male,205.121.100.73
33,Martha,Harme,mharmew@engadget.com,Female,222.250.119.229
34,Lennie,Plait,lplaitx@comsenz.com,Non-binary,204.62.115.205
35,Moe,Linham,mlinhamy@usa.gov,Male,203.52.222.222
36,Dene,Bocking,dbockingz@intel.com,Male,188.216.11.14
37,Anissa,Bresland,abresland10@typepad.com,Female,64.197.243.253
38,Scott,Bussons,sbussons11@hao123.com,Male,27.198.201.215
39,Nataniel,Dymoke,ndymoke12@seesaa.net,Male,144.170.147.204
40,Hamilton,Shankle,hshankle13@so-net.ne.jp,Male,181.15.111.192
41,Farrell,Valenti,fvalenti14@ehow.com,Male,222.158.196.70
42,Donny,Tibbits,dtibbits15@arizona.edu,Female,34.121.69.187
43,Parrnell,Goring,pgoring16@topsy.com,Male,121.18.4.91
44,Tanner,Crumpton,tcrumpton17@sciencedaily.com,Male,24.36.148.122
45,Shay,Marcum,smarcum18@prnewswire.com,Genderfluid,78.247.70.246
46,Camey,Mitskevich,cmitskevich19@arstechnica.com,Male,100.62.104.41
47,Normy,Gorman,ngorman1a@multiply.com,Male,229.163.246.191
48,Arvin,Toothill,atoothill1b@cmu.edu,Male,204.18.248.45
49,Dionysus,Pallesen,dpallesen1c@yellowpages.com,Bigender,9.79.144.73
50,Alfonse,Sea,asea1d@rambler.ru,Male,85.199.230.54
51,Gillie,Oliphard,goliphard1e@seesaa.net,Genderfluid,250.128.40.150
52,Miquela,Housecroft,mhousecroft1f@apple.com,Female,46.112.115.19
53,Erika,Bartkiewicz,ebartkiewicz1g@dmoz.org,Female,162.99.67.126
54,Geoffry,Pittam,gpittam1h@qq.com,Genderfluid,61.155.212.246
55,Dmitri,Judron,djudron1i@disqus.com,Male,129.254.69.226
56,Lavena,Brunker,lbrunker1j@i2i.jp,Non-binary,217.70.4.232
57,Lock,Faire,lfaire1k@instagram.com,Male,202.149.31.69
58,Antonetta,Scroyton,ascroyton1l@photobucket.com,Female,49.144.30.71
59,Evered,Lombardo,elombardo1m@answers.com,Male,123.42.154.61
60,Robenia,O'Halleghane,rohalleghane1n@ebay.com,Non-binary,124.195.213.194
61,Marten,Thresh,mthresh1o@sogou.com,Male,232.61.85.52
62,Ermanno,Welham,ewelham1p@jugem.jp,Male,55.86.243.211
63,King,Tafani,ktafani1q@i2i.jp,Male,44.156.1.211
64,Georgine,Don,gdon1r@fema.gov,Female,110.131.6.144
65,Paul,Posner,pposner1s@ibm.com,Male,163.160.224.149
66,Noble,Tchaikovsky,ntchaikovsky1t@wix.com,Male,78.105.27.118
67,Rozanna,Donke,rdonke1u@t.co,Female,242.1.93.73
68,Pavla,Enrietto,penrietto1v@timesonline.co.uk,Female,138.47.73.48
69,Philippe,Stivani,pstivani1w@independent.co.uk,Agender,203.61.50.113
70,Cal,Coghlin,ccoghlin1x@earthlink.net,Male,171.168.102.114
71,Ronni,Eastope,reastope1y@businessweek.com,Female,183.32.105.6
72,Rhodia,Fideler,rfideler1z@vkontakte.ru,Female,32.47.93.236
73,Brietta,Solano,bsolano20@upenn.edu,Female,1.202.194.33
74,Trish,Nesbit,tnesbit21@exblog.jp,Female,228.98.254.164
75,Godfrey,Tiltman,gtiltman22@tripadvisor.com,Male,135.71.29.239
76,Sianna,Lamberts,slamberts23@google.es,Female,232.157.207.6
77,Willa,Giacaponi,wgiacaponi24@cpanel.net,Female,29.136.28.19
78,Cher,Drissell,cdrissell25@ow.ly,Female,81.12.120.92
79,Jacenta,Pakenham,jpakenham26@plala.or.jp,Female,128.112.121.82
80,Josi,O'Hearn,johearn27@trellian.com,Female,86.68.204.159
81,Carlin,Annwyl,cannwyl28@mozilla.org,Male,18.147.55.186
82,Otho,Standell,ostandell29@merriam-webster.com,Male,171.179.101.159
83,Ozzy,Yong,oyong2a@java.com,Male,83.248.140.175
84,Sidney,Primmer,sprimmer2b@jugem.jp,Male,202.207.145.111
85,Lennard,Willcocks,lwillcocks2c@elegantthemes.com,Male,225.39.122.18
86,Cristian,Rawdall,crawdall2d@goo.ne.jp,Male,249.236.60.129
87,Kayne,Audley,kaudley2e@jiathis.com,Genderqueer,136.117.68.11
88,Kennedy,Ivanyutin,kivanyutin2f@sbwire.com,Male,67.234.59.224
89,Josephina,Jakab,jjakab2g@clickbank.net,Female,238.235.188.141
90,Tucker,Hurtic,thurtic2h@nbcnews.com,Non-binary,26.22.218.242
91,Avril,Skeermer,askeermer2i@bbc.co.uk,Female,159.199.201.178
92,Sigismondo,Castan,scastan2j@si.edu,Male,245.128.224.202
93,Mallorie,Hartgill,mhartgill2k@wsj.com,Female,175.216.173.167
94,Cecil,Pash,cpash2l@scribd.com,Male,85.95.91.87
95,Trumaine,Hartle,thartle2m@dagondesign.com,Male,91.48.139.101
96,Tiphani,Prujean,tprujean2n@behance.net,Female,176.110.2.121
97,Joyan,Harvison,jharvison2o@vistaprint.com,Non-binary,53.236.108.98
98,Brenna,Dicey,bdicey2p@jalbum.net,Female,100.199.131.125
99,Imogene,Laverty,ilaverty2q@umn.edu,Female,92.212.212.37
100,Celisse,Arnauduc,carnauduc2r@instagram.com,Female,225.85.93.90
